{
    "loss": [
        0.053454987704753876
    ],
    "val_loss": [
        0.04608279466629028
    ],
    "bleu": [
        0.0
    ]
}